Local time,Open,High,Low,Close,Volume
31.12.2003 17:00:00.000 GMT-0500,107.211,108.213,105.442,105.686,12830774.703899983
31.01.2004 17:00:00.000 GMT-0500,105.599,109.810,105.158,109.138,12106479.029399993
29.02.2004 17:00:00.000 GMT-0500,109.037,112.286,103.430,104.220,13961572.319900006
31.03.2004 17:00:00.000 GMT-0500,104.201,111.026,103.470,110.515,13323259.692800017
30.04.2004 16:00:00.000 GMT-0500,110.447,114.893,108.322,109.527,12708783.884800008
31.05.2004 16:00:00.000 GMT-0500,109.535,111.939,107.005,108.764,13495013.840900011
30.06.2004 16:00:00.000 GMT-0500,108.758,112.488,107.564,111.381,13417413.010700004
31.07.2004 16:00:00.000 GMT-0500,111.298,112.102,108.750,109.177,13421527.225600004
31.08.2004 16:00:00.000 GMT-0500,109.165,111.708,108.952,110.032,13261146.698699992
30.09.2004 16:00:00.000 GMT-0500,110.044,111.462,105.778,105.817,12653955.432599995
31.10.2004 17:00:00.000 GMT-0500,105.919,107.293,102.175,103.060,13187588.8279
30.11.2004 17:00:00.000 GMT-0500,103.056,106.187,101.843,102.612,13584031.903000014
31.12.2004 17:00:00.000 GMT-0500,102.720,105.175,101.584,103.680,12316845.601400014
31.01.2005 17:00:00.000 GMT-0500,103.671,106.844,103.350,104.609,11915712.900800012
28.02.2005 17:00:00.000 GMT-0500,104.595,107.679,103.501,107.156,13802049.515100004
31.03.2005 17:00:00.000 GMT-0500,107.162,108.877,104.603,104.753,12823674.865399994
30.04.2005 16:00:00.000 GMT-0500,104.878,108.623,104.198,108.585,13342268.39930001
31.05.2005 16:00:00.000 GMT-0500,108.602,111.022,106.464,110.943,13319891.821300011
30.06.2005 16:00:00.000 GMT-0500,110.970,113.561,109.682,112.548,12749505.708300008
31.07.2005 16:00:00.000 GMT-0500,112.557,112.792,109.045,110.607,13927464.9984
31.08.2005 16:00:00.000 GMT-0500,110.588,113.714,108.773,113.521,13252628.959399987
30.09.2005 16:00:00.000 GMT-0500,113.701,116.487,113.022,116.418,12404142.52259999
31.10.2005 17:00:00.000 GMT-0500,116.396,119.941,116.390,119.805,12850075.997299999
30.11.2005 17:00:00.000 GMT-0500,119.812,121.391,115.521,117.725,12733626.306100009
31.12.2005 17:00:00.000 GMT-0500,117.766,117.895,113.464,117.185,12802821.892899992
31.01.2006 17:00:00.000 GMT-0500,117.187,119.391,115.702,115.745,11637893.916100001
28.02.2006 17:00:00.000 GMT-0500,115.752,119.191,115.505,117.772,13365820.592600003
31.03.2006 17:00:00.000 GMT-0500,117.805,118.898,113.655,113.843,11688910.501300007
30.04.2006 16:00:00.000 GMT-0500,113.713,114.161,109.028,112.645,13460929.894600004
31.05.2006 16:00:00.000 GMT-0500,112.633,116.696,111.329,114.455,12880243.788500002
30.06.2006 16:00:00.000 GMT-0500,114.407,117.870,113.455,114.685,12237202.320200004
31.07.2006 16:00:00.000 GMT-0500,114.689,117.482,113.822,117.403,13410913.512799995
31.08.2006 16:00:00.000 GMT-0500,117.378,118.277,115.580,118.185,12574515.186800014
30.09.2006 16:00:00.000 GMT-0500,118.121,119.883,116.630,116.977,13156149.4755
31.10.2006 17:00:00.000 GMT-0500,116.956,118.598,115.382,115.801,13058657.916600008
30.11.2006 17:00:00.000 GMT-0500,115.802,119.236,114.452,119.102,12572788.194599992
31.12.2006 17:00:00.000 GMT-0500,119.016,122.185,117.993,120.706,13675828.084600002
31.01.2007 17:00:00.000 GMT-0500,120.678,122.100,117.535,118.558,11908839.276699992
28.02.2007 17:00:00.000 GMT-0500,118.535,118.867,115.162,117.850,12678129.478400012
31.03.2007 16:00:00.000 GMT-0500,117.980,119.880,117.510,119.530,16530707.944200004
30.04.2007 16:00:00.000 GMT-0500,119.530,121.990,119.080,121.740,51772839.43770005
31.05.2007 16:00:00.000 GMT-0500,121.730,124.145,120.780,123.200,54446158.57329999
30.06.2007 16:00:00.000 GMT-0500,123.162,123.680,118.020,118.630,82773737.75769985
31.07.2007 16:00:00.000 GMT-0500,118.630,119.850,111.620,115.800,96082765.11869968
31.08.2007 16:00:00.000 GMT-0500,115.688,116.485,112.610,114.830,51250561.817600034
30.09.2007 16:00:00.000 GMT-0500,114.753,117.955,113.260,115.440,57960897.57060007
31.10.2007 16:00:00.000 GMT-0500,115.440,115.935,107.230,111.221,38331942.1806
30.11.2007 17:00:00.000 GMT-0500,111.060,114.670,109.570,111.707,14953505.841200005
31.12.2007 17:00:00.000 GMT-0500,111.689,112.220,104.970,106.450,37797009.07580004
31.01.2008 17:00:00.000 GMT-0500,106.450,108.615,103.682,103.715,9527432.9454
29.02.2008 17:00:00.000 GMT-0500,103.600,104.190,95.775,99.710,18089921.5459
31.03.2008 16:00:00.000 GMT-0500,99.710,104.895,99.595,103.905,14424979.753800018
30.04.2008 16:00:00.000 GMT-0500,103.900,105.885,102.585,105.550,8614362.6877
31.05.2008 16:00:00.000 GMT-0500,105.112,108.595,103.880,106.225,9024406.048400003
30.06.2008 16:00:00.000 GMT-0500,106.220,108.390,103.780,107.930,11125920.796199983
31.07.2008 16:00:00.000 GMT-0500,107.930,110.670,107.290,108.820,13587225.841400016
31.08.2008 16:00:00.000 GMT-0500,108.445,109.180,103.520,106.120,21863612.3386
30.09.2008 16:00:00.000 GMT-0500,106.120,106.540,90.935,98.495,258933324.2171001
31.10.2008 16:00:00.000 GMT-0500,98.665,100.565,93.570,95.528,10897850.290199982
30.11.2008 17:00:00.000 GMT-0500,95.481,95.590,87.145,90.657,8423672.496099997
31.12.2008 17:00:00.000 GMT-0500,90.651,94.655,87.135,89.945,11425333.664899997
31.01.2009 17:00:00.000 GMT-0500,89.987,98.720,88.600,97.605,12605706.141499992
28.02.2009 17:00:00.000 GMT-0500,97.770,99.690,93.550,98.965,14155287.228300007
31.03.2009 16:00:00.000 GMT-0500,98.965,101.450,95.630,98.640,12511226.382799998
30.04.2009 16:00:00.000 GMT-0500,98.650,99.785,93.865,95.370,8850446.828299994
31.05.2009 16:00:00.000 GMT-0500,95.140,98.900,94.455,96.370,8479235.044799991
30.06.2009 16:00:00.000 GMT-0500,96.370,96.995,91.740,94.710,21654827.606399998
31.07.2009 16:00:00.000 GMT-0500,94.765,97.795,92.545,93.130,13887875.034300014
31.08.2009 16:00:00.000 GMT-0500,93.135,93.445,88.245,89.725,11592846.729400001
30.09.2009 16:00:00.000 GMT-0500,89.725,92.330,88.015,90.110,12576264.477599999
31.10.2009 16:00:00.000 GMT-0500,89.685,91.325,84.830,86.420,9468649.364400005
30.11.2009 17:00:00.000 GMT-0500,86.415,93.155,86.170,93.030,10781215.763000006
31.12.2009 17:00:00.000 GMT-0500,92.995,93.800,89.145,90.280,12436047.126000002
31.01.2010 17:00:00.000 GMT-0500,89.900,92.160,88.560,89.005,8018481.789199999
28.02.2010 17:00:00.000 GMT-0500,88.890,93.640,88.145,93.480,9866276.438299995
31.03.2010 16:00:00.000 GMT-0500,93.480,94.790,91.605,93.885,9288257.96960001
30.04.2010 16:00:00.000 GMT-0500,93.900,94.995,88.140,91.280,11331381.765300002
31.05.2010 16:00:00.000 GMT-0500,91.280,92.895,88.295,88.440,8947329.67180001
30.06.2010 16:00:00.000 GMT-0500,88.445,89.155,85.955,86.485,8909362.330500003
31.07.2010 16:00:00.000 GMT-0500,86.326,86.890,83.595,84.200,8751031.440800002
31.08.2010 16:00:00.000 GMT-0500,84.215,85.940,82.880,83.520,7883823.629300004
30.09.2010 16:00:00.000 GMT-0500,83.530,83.990,80.395,80.429,5315470.576299994
31.10.2010 16:00:00.000 GMT-0500,80.293,84.411,80.253,83.694,1658758.099899999
30.11.2010 17:00:00.000 GMT-0500,83.692,84.518,80.953,81.155,1804514.7031999994
31.12.2010 17:00:00.000 GMT-0500,81.244,83.712,80.952,82.045,2164066.7398000006
31.01.2011 17:00:00.000 GMT-0500,82.063,83.979,81.237,81.791,2492933.2282000002
28.02.2011 17:00:00.000 GMT-0500,81.791,83.303,76.452,83.139,3477571.6031000037
31.03.2011 16:00:00.000 GMT-0500,83.142,85.544,81.052,81.218,2937571.8883
30.04.2011 16:00:00.000 GMT-0500,81.101,82.238,79.576,81.537,3251076.4069000008
31.05.2011 16:00:00.000 GMT-0500,81.553,81.585,79.703,80.581,2711020.360999997
30.06.2011 16:00:00.000 GMT-0500,80.582,81.500,76.746,76.804,2115643.016699999
31.07.2011 16:00:00.000 GMT-0500,77.199,80.243,75.960,76.669,2789285.7946000006
31.08.2011 16:00:00.000 GMT-0500,76.671,77.863,76.113,77.096,2087247.3096000017
30.09.2011 16:00:00.000 GMT-0500,77.105,79.538,75.584,78.181,1778188.3769000021
31.10.2011 16:00:00.000 GMT-0500,78.182,79.011,76.581,77.627,1691697.4485999972
30.11.2011 17:00:00.000 GMT-0500,77.626,78.229,76.891,76.912,1480944.586599999
31.12.2011 17:00:00.000 GMT-0500,76.943,78.287,76.162,76.272,1714869.4778000005
31.01.2012 17:00:00.000 GMT-0500,76.272,81.685,76.029,81.154,1844668.5506000002
29.02.2012 17:00:00.000 GMT-0500,81.152,84.185,80.591,82.872,2243324.3451999994
31.03.2012 16:00:00.000 GMT-0500,83.037,83.307,79.741,79.828,2073111.0902000002
30.04.2012 16:00:00.000 GMT-0500,79.830,80.618,78.216,78.327,2577892.503700001
31.05.2012 16:00:00.000 GMT-0500,78.328,80.626,77.667,79.805,2535641.8202000004
30.06.2012 16:00:00.000 GMT-0500,79.869,80.101,77.950,78.126,1735286.2254
31.07.2012 16:00:00.000 GMT-0500,78.126,79.664,77.919,78.396,1598846.4843000018
31.08.2012 16:00:00.000 GMT-0500,78.358,79.223,77.185,77.967,1527058.967100001
30.09.2012 16:00:00.000 GMT-0500,77.982,80.385,77.796,79.772,1683128.3389
31.10.2012 16:00:00.000 GMT-0500,79.772,82.841,79.081,82.480,1866743.8761999998
30.11.2012 17:00:00.000 GMT-0500,82.391,86.795,81.723,86.749,1860235.5799999991
31.12.2012 17:00:00.000 GMT-0500,86.737,91.784,86.546,91.723,3430824.9748999984
31.01.2013 17:00:00.000 GMT-0500,91.718,94.578,90.888,92.567,3487014.4416
28.02.2013 17:00:00.000 GMT-0500,92.567,96.715,92.447,94.203,3379513.3336000023
31.03.2013 16:00:00.000 GMT-0500,94.300,99.952,92.576,97.445,4578664.702799999
30.04.2013 16:00:00.000 GMT-0500,97.447,103.741,97.028,100.478,4104725.0821000026
31.05.2013 16:00:00.000 GMT-0500,100.450,100.727,93.798,99.160,3821076.864100001
30.06.2013 16:00:00.000 GMT-0500,99.252,101.536,97.587,97.886,2527994.9347000006
31.07.2013 16:00:00.000 GMT-0500,97.889,99.954,95.810,98.177,2493473.9411000004
31.08.2013 16:00:00.000 GMT-0500,98.443,100.610,97.502,98.235,2075305.9001000011
30.09.2013 16:00:00.000 GMT-0500,98.249,99.010,96.578,98.361,2272485.4285000004
31.10.2013 16:00:00.000 GMT-0500,98.359,102.613,97.630,102.477,2211493.3656999986
30.11.2013 17:00:00.000 GMT-0500,102.512,105.416,101.629,105.361,2314137.8066000002
31.12.2013 17:00:00.000 GMT-0500,105.269,105.446,101.784,102.057,2856843.9617000017
31.01.2014 17:00:00.000 GMT-0500,102.011,102.831,100.758,101.845,2295522.8372
28.02.2014 17:00:00.000 GMT-0500,101.504,103.765,101.203,103.228,1952084.6402999999
31.03.2014 16:00:00.000 GMT-0500,103.228,104.131,101.327,102.243,1742156.4027
30.04.2014 16:00:00.000 GMT-0500,102.255,103.023,100.826,101.804,1705650.021499998
31.05.2014 16:00:00.000 GMT-0500,101.878,102.798,101.240,101.329,1734776.423299999
30.06.2014 16:00:00.000 GMT-0500,101.334,103.095,101.069,102.799,1779419.1666000008
31.07.2014 16:00:00.000 GMT-0500,102.801,104.287,101.514,104.094,1669714.1420999996
31.08.2014 16:00:00.000 GMT-0500,104.200,109.849,104.104,109.656,2360351.202900001
30.09.2014 16:00:00.000 GMT-0500,109.653,112.478,105.200,112.348,2940458.759599997
31.10.2014 16:00:00.000 GMT-0500,112.716,118.982,112.575,118.696,2551370.8480000007
30.11.2014 17:00:00.000 GMT-0500,118.769,121.854,115.574,119.787,2637659.6174
31.12.2014 17:00:00.000 GMT-0500,119.788,120.743,115.858,117.555,3210614.0360000012
31.01.2015 17:00:00.000 GMT-0500,116.995,120.483,116.879,119.685,2350404.2104999977
28.02.2015 17:00:00.000 GMT-0500,119.745,122.029,118.332,120.146,2679302.1297999998
31.03.2015 16:00:00.000 GMT-0500,120.146,120.847,118.500,119.382,2384578.9090999984
30.04.2015 16:00:00.000 GMT-0500,119.383,124.465,118.891,124.167,2268724.760499998
31.05.2015 16:00:00.000 GMT-0500,124.093,125.859,121.943,122.504,2654832.8037000047
30.06.2015 16:00:00.000 GMT-0500,122.506,124.583,120.419,123.924,2273288.6029000008
31.07.2015 16:00:00.000 GMT-0500,123.920,125.283,116.205,121.230,2464296.664900001
31.08.2015 16:00:00.000 GMT-0500,121.230,121.329,118.625,119.882,3419627.829599999
30.09.2015 16:00:00.000 GMT-0500,119.880,121.515,118.066,120.636,2732030.1234999984
31.10.2015 16:00:00.000 GMT-0500,120.380,123.763,120.261,123.112,2120325.079699999
30.11.2015 17:00:00.000 GMT-0500,123.110,123.673,120.007,120.303,2485557.799800001
31.12.2015 17:00:00.000 GMT-0500,120.233,121.689,115.976,121.137,3761463.7946000015
31.01.2016 17:00:00.000 GMT-0500,121.349,121.497,110.992,112.715,4207914.609299999
29.02.2016 17:00:00.000 GMT-0500,112.710,114.557,110.671,112.575,3798144.4197000028
31.03.2016 16:00:00.000 GMT-0500,112.582,112.587,106.284,106.355,3476399.4688999993
30.04.2016 16:00:00.000 GMT-0500,106.259,111.451,105.551,110.743,2960371.4529000004
31.05.2016 16:00:00.000 GMT-0500,110.747,110.833,99.042,103.212,3820334.6848999998
30.06.2016 16:00:00.000 GMT-0500,103.212,107.494,99.997,102.080,8098434.611200006
31.07.2016 16:00:00.000 GMT-0500,102.360,103.534,99.544,103.428,11811673.90230001
31.08.2016 16:00:00.000 GMT-0500,103.423,104.323,100.088,101.344,13723206.126200007
30.09.2016 16:00:00.000 GMT-0500,101.269,105.536,101.214,104.828,9446739.662299994
31.10.2016 16:00:00.000 GMT-0500,104.832,114.542,101.198,114.463,5297144.076499999
30.11.2016 17:00:00.000 GMT-0500,114.464,118.667,112.889,117.062,4134804.4713
31.12.2016 17:00:00.000 GMT-0500,117.097,118.605,112.083,112.799,5454682.7851
31.01.2017 17:00:00.000 GMT-0500,112.806,114.960,111.598,112.774,4164321.956000004
28.02.2017 17:00:00.000 GMT-0500,112.778,115.505,110.113,111.398,4445852.179500008
31.03.2017 16:00:00.000 GMT-0500,111.491,111.781,108.133,111.538,3840234.531400002
30.04.2017 16:00:00.000 GMT-0500,111.362,114.373,110.240,110.783,3802983.2083999976
31.05.2017 16:00:00.000 GMT-0500,110.785,112.927,108.832,112.399,3583052.6241999986
30.06.2017 16:00:00.000 GMT-0500,112.161,114.497,110.217,110.262,3682703.967100001
31.07.2017 16:00:00.000 GMT-0500,110.262,111.052,108.272,109.985,4188124.256400001
31.08.2017 16:00:00.000 GMT-0500,109.985,113.259,107.321,112.533,4023547.5182999973
30.09.2017 16:00:00.000 GMT-0500,112.675,114.452,111.655,113.640,3508962.0588000016
31.10.2017 16:00:00.000 GMT-0500,113.640,114.738,110.844,112.539,3384782.063000001
30.11.2017 17:00:00.000 GMT-0500,112.543,113.752,111.412,112.717,2871966.0155999986
31.12.2017 17:00:00.000 GMT-0500,112.651,113.389,108.287,109.195,3698491.992699997
31.01.2018 17:00:00.000 GMT-0500,109.195,110.486,105.552,106.683,4533599.199499997
28.02.2018 17:00:00.000 GMT-0500,106.690,107.295,104.640,106.320,4335354.899999994
31.03.2018 16:00:00.000 GMT-0500,106.280,109.539,105.659,109.362,3125923.5371000026
30.04.2018 16:00:00.000 GMT-0500,109.364,111.397,108.116,108.830,3330940.353599998
31.05.2018 16:00:00.000 GMT-0500,108.840,110.945,108.725,110.718,3114226.5274999985
30.06.2018 16:00:00.000 GMT-0500,110.689,113.176,110.281,111.857,3518685.8290999983
31.07.2018 16:00:00.000 GMT-0500,111.860,112.153,109.777,111.146,3053573.026699996
31.08.2018 16:00:00.000 GMT-0500,111.158,113.712,110.382,113.711,2238323.7597
30.09.2018 16:00:00.000 GMT-0500,113.770,114.552,111.380,112.951,3893712.636000002
31.10.2018 16:00:00.000 GMT-0500,112.949,114.209,112.307,113.513,3007240.1867000023
30.11.2018 17:00:00.000 GMT-0500,113.676,113.824,109.559,109.620,4017284.6506999973
31.12.2018 17:00:00.000 GMT-0500,109.689,110.001,104.857,108.920,4533804.840000001
31.01.2019 17:00:00.000 GMT-0500,108.920,111.494,108.729,111.388,3194899.5244999994
28.02.2019 17:00:00.000 GMT-0500,111.388,112.139,109.712,110.887,3896620.303600001
31.03.2019 16:00:00.000 GMT-0500,111.054,112.401,110.814,111.442,2691121.478899999
30.04.2019 16:00:00.000 GMT-0500,111.442,111.704,108.278,108.286,4015116.065299999
31.05.2019 16:00:00.000 GMT-0500,108.321,108.801,106.780,107.942,3746899.7757000024
30.06.2019 16:00:00.000 GMT-0500,108.229,109.002,107.213,108.774,3066906.4371000007
31.07.2019 16:00:00.000 GMT-0500,108.847,109.321,104.456,106.330,5790518.0779000055
31.08.2019 16:00:00.000 GMT-0500,106.165,108.479,105.740,108.094,4020929.045700001
30.09.2019 16:00:00.000 GMT-0500,108.095,109.288,106.486,108.039,3938339.0728999986
31.10.2019 16:00:00.000 GMT-0500,108.041,109.670,107.888,109.536,2401416.8359000003
30.11.2019 17:00:00.000 GMT-0500,109.547,109.729,108.429,108.683,2022277.2871000005
31.12.2019 17:00:00.000 GMT-0500,108.786,110.292,107.653,108.396,2928973.943300001
31.01.2020 17:00:00.000 GMT-0500,108.487,112.226,107.512,108.084,5147262.105700002
29.02.2020 17:00:00.000 GMT-0500,107.460,111.717,101.184,107.623,10130095.339299992
31.03.2020 16:00:00.000 GMT-0500,107.634,109.384,106.361,107.177,4018794.403000004
30.04.2020 16:00:00.000 GMT-0500,107.177,108.089,105.989,107.901,2536070.5030000005
31.05.2020 16:00:00.000 GMT-0500,107.701,109.851,106.074,107.931,4039252.919700001
30.06.2020 16:00:00.000 GMT-0500,107.932,108.166,104.189,105.913,3498563.746600001
31.07.2020 16:00:00.000 GMT-0500,105.819,107.052,105.105,105.912,4630134.553800001
31.08.2020 16:00:00.000 GMT-0500,105.911,106.554,104.003,105.463,3478998.5303999986
30.09.2020 16:00:00.000 GMT-0500,105.612,106.110,104.026,104.691,2824254.5829000026
31.10.2020 16:00:00.000 GMT-0500,104.558,105.678,103.179,104.318,3185910.462100001
30.11.2020 17:00:00.000 GMT-0500,104.316,104.753,102.875,103.310,2189961.1496000006
31.12.2020 17:00:00.000 GMT-0500,103.140,104.942,102.594,104.757,2055498.8501
31.01.2021 17:00:00.000 GMT-0500,104.791,106.694,104.411,106.637,1687881.2549999997
28.02.2021 17:00:00.000 GMT-0500,106.609,110.968,106.368,110.735,2446301.3644999983
31.03.2021 16:00:00.000 GMT-0500,110.741,110.849,107.479,109.371,1934545.2452999996
30.04.2021 16:00:00.000 GMT-0500,109.317,110.200,108.339,109.614,1794076.620699998
31.05.2021 16:00:00.000 GMT-0500,109.620,111.123,109.189,111.109,1792416.3029999994
30.06.2021 16:00:00.000 GMT-0500,111.110,111.661,109.066,109.718,2121342.1729
31.07.2021 16:00:00.000 GMT-0500,109.784,110.803,108.724,110.036,1757863.7779
31.08.2021 16:00:00.000 GMT-0500,110.036,112.082,109.115,111.315,1820470.8255999966
30.09.2021 16:00:00.000 GMT-0500,111.315,114.703,110.824,114.052,2398771.2042000024
31.10.2021 16:00:00.000 GMT-0500,114.078,115.524,112.533,113.185,2980009.3399999994
30.11.2021 17:00:00.000 GMT-0500,113.186,115.212,112.562,115.126,2342740.961200003
31.12.2021 17:00:00.000 GMT-0500,115.181,116.356,113.471,115.148,2462756.3288999996
31.01.2022 17:00:00.000 GMT-0500,115.158,116.341,114.162,115.018,3024627.1379
28.02.2022 17:00:00.000 GMT-0500,115.018,125.108,114.652,121.752,3912484.315700001
31.03.2022 16:00:00.000 GMT-0500,121.762,131.258,121.688,129.914,5683852.951199996
30.04.2022 16:00:00.000 GMT-0500,129.802,131.350,126.363,128.704,5503979.2364
31.05.2022 16:00:00.000 GMT-0500,128.712,137.004,128.650,135.761,5871861.258200001
30.06.2022 16:00:00.000 GMT-0500,135.767,139.394,132.508,133.327,5372937.415499999
31.07.2022 16:00:00.000 GMT-0500,133.361,139.082,130.400,138.976,8179321.582200014
31.08.2022 16:00:00.000 GMT-0500,138.978,145.904,138.944,144.788,11078142.306300007
30.09.2022 16:00:00.000 GMT-0500,144.787,151.950,143.531,148.783,11775158.396700004
31.10.2022 16:00:00.000 GMT-0500,148.758,148.831,137.502,138.128,16726711.292100016
30.11.2022 17:00:00.000 GMT-0500,138.123,138.177,130.572,131.147,13549956.782800008
31.12.2022 17:00:00.000 GMT-0500,131.001,134.780,127.231,130.113,12298668.4963
31.01.2023 17:00:00.000 GMT-0500,130.115,136.923,128.087,136.241,12456068.106100002
28.02.2023 17:00:00.000 GMT-0500,136.242,137.916,129.643,132.824,14789714.196899997
31.03.2023 16:00:00.000 GMT-0500,133.432,136.564,130.633,136.340,9296776.185800001
30.04.2023 16:00:00.000 GMT-0500,136.249,140.937,133.502,139.358,10722060.58790001
31.05.2023 16:00:00.000 GMT-0500,139.358,145.075,138.447,144.353,8103051.059200003
30.06.2023 16:00:00.000 GMT-0500,144.390,144.917,137.245,142.324,8067985.370399997
31.07.2023 16:00:00.000 GMT-0500,142.318,147.379,141.518,145.553,8077399.499099998
31.08.2023 16:00:00.000 GMT-0500,145.564,149.711,144.447,149.402,6521737.685800005
30.09.2023 16:00:00.000 GMT-0500,149.607,151.744,147.313,151.724,6041766.668199999
31.10.2023 16:00:00.000 GMT-0500,151.713,151.911,146.676,148.223,6633745.464900006
30.11.2023 17:00:00.000 GMT-0500,148.228,148.352,140.258,141.086,10456555.9456
31.12.2023 17:00:00.000 GMT-0500,140.903,148.811,140.822,146.945,9763064.737600002
31.01.2024 17:00:00.000 GMT-0500,146.948,150.889,145.901,149.986,8816578.4059
29.02.2024 17:00:00.000 GMT-0500,149.990,151.974,146.485,151.378,6614980.239699997
31.03.2024 16:00:00.000 GMT-0500,151.346,160.241,150.813,157.817,5910780.8343
30.04.2024 16:00:00.000 GMT-0500,157.822,157.990,151.862,157.350,5438316.298099995
31.05.2024 16:00:00.000 GMT-0500,157.261,161.284,154.553,160.904,5349487.448900005
30.06.2024 16:00:00.000 GMT-0500,160.884,161.953,149.614,150.007,7790154.504199998
31.07.2024 16:00:00.000 GMT-0500,150.007,150.894,141.691,146.238,11204003.655300003
31.08.2024 16:00:00.000 GMT-0500,146.197,147.215,139.583,143.646,10389419.709300006
30.09.2024 16:00:00.000 GMT-0500,143.652,153.888,142.974,152.047,8425618.357800001
31.10.2024 16:00:00.000 GMT-0500,152.051,156.756,149.471,149.833,12573981.206499994
30.11.2024 17:00:00.000 GMT-0500,149.816,157.812,148.648,157.474,6754285.92408726